date,sales_quantity
2018-08-13,1
2018-08-13,3
2018-08-13,1
2018-08-13,1
2018-08-13,1
2018-08-13,1
2018-08-13,1
2018-08-13,1
2018-08-13,1
2018-08-13,1
2018-08-13,1
2018-08-13,1
2018-08-13,1
2018-08-13,1
2018-08-13,1
2018-08-13,1
2018-08-13,3
2018-08-13,1
2018-08-13,1
2018-08-13,1
2018-08-13,1
2018-08-13,3
2018-08-13,1
2018-08-13,1
2018-08-13,1
2018-08-13,1
2018-08-13,1
2018-08-13,1
2018-08-13,1
2018-08-13,1
2018-08-13,1
2018-08-13,1
2018-08-13,1
2018-08-13,1
2018-08-13,2
2018-08-13,1
2018-08-13,1
2018-08-13,1
2018-08-13,1
2018-08-13,1
2018-08-13,2
2018-08-13,1
2018-08-13,1
2018-08-13,1
2018-08-13,2
2018-08-13,1
2018-08-13,1
2018-08-13,1
2018-08-13,1
2018-08-13,2
2018-08-13,1
2018-08-13,1
2018-08-13,1
2018-08-13,1
2018-08-13,1
2018-08-13,1
2018-08-13,1
2018-08-13,1
2018-08-13,1
2018-08-13,2
2018-08-13,1
2018-08-13,1
2018-08-13,1
2018-08-13,2
2018-08-13,1
2018-08-13,1
2018-08-13,1
2018-08-13,1
2018-08-13,1
2018-08-13,1
2018-08-13,1
2018-08-13,1
2018-08-13,1
2018-08-13,2
2018-08-13,2
2018-08-13,1
2018-08-13,1
2018-08-13,1
2018-08-13,1
2018-08-13,2
2018-08-13,1
2018-08-13,2
2018-08-13,1
2018-08-13,1
2018-08-13,1
2018-08-13,1
2018-08-13,1
2018-08-13,1
2018-08-13,1
2018-08-13,2
2018-08-13,1
2018-08-13,1
2018-08-13,1
2018-08-13,1
2018-08-13,1
2018-08-13,1
2018-08-13,1
2018-08-13,1
2018-08-13,1
2018-08-13,1
2018-08-13,2
2018-08-13,1
2018-08-13,1
2018-08-13,1
2018-08-13,1
2018-08-13,1
2018-08-13,1
2018-08-13,1
2018-08-13,1
2018-08-13,1
2018-08-13,1
2018-08-13,1
2018-08-13,1
2018-08-13,1
2018-08-13,1
2018-08-13,1
2018-08-13,1
2018-08-13,1
2018-08-13,1
2018-08-13,1
2018-08-13,1
2018-08-13,1
2018-08-13,1
2018-08-13,1
2018-08-13,1
2018-08-13,1
2018-08-13,1
2018-08-13,2
2018-08-13,1
2018-08-13,1
2018-08-13,2
2018-08-13,1
2018-08-13,2
2018-08-13,1
2018-08-13,1
2018-08-13,1
2018-08-13,1
2018-08-13,2
2018-08-13,1
2018-08-13,1
2018-08-13,1
2018-08-13,1
2018-08-13,1
2018-08-13,2
2018-08-13,1
2018-08-13,1
2018-08-13,1
2018-08-13,2
2018-08-13,2
2018-08-13,1
2018-08-13,1
2018-08-13,1
2018-08-13,1
2018-08-13,2
2018-08-13,1
2018-08-13,1
2018-08-13,1
2018-08-13,1
2018-08-13,1
2018-08-13,1
2018-08-13,1
2018-08-13,1
2018-08-13,1
2018-08-13,1
2018-08-13,2
2018-08-13,1
2018-08-13,1
2018-08-13,1
2018-08-13,1
2018-08-13,1
2018-08-13,1
2018-08-13,1
2018-08-13,1
2018-08-13,1
2018-08-13,1
2018-08-13,1
2018-08-13,1
2018-08-13,2
2018-08-13,1
2018-08-13,1
2018-08-13,4
2018-08-13,1
2018-08-14,1
2018-08-14,1
2018-08-14,1
2018-08-14,1
2018-08-14,1
2018-08-14,1
2018-08-14,1
2018-08-14,2
2018-08-14,1
2018-08-14,1
2018-08-14,1
2018-08-14,1
2018-08-14,2
2018-08-14,1
2018-08-14,1
2018-08-14,1
2018-08-14,2
2018-08-14,1
2018-08-14,1
2018-08-14,1
2018-08-14,1
2018-08-14,1
2018-08-14,1
2018-08-14,1
2018-08-14,1
2018-08-14,3
2018-08-14,1
2018-08-14,1
2018-08-14,1
2018-08-14,1
2018-08-14,1
2018-08-14,1
2018-08-14,1
2018-08-14,1
2018-08-14,1
2018-08-14,1
2018-08-14,2
2018-08-14,3
2018-08-14,2
2018-08-14,2
2018-08-14,1
2018-08-14,1
2018-08-14,1
2018-08-14,1
2018-08-14,1
2018-08-14,1
2018-08-14,1
2018-08-14,2
2018-08-14,1
2018-08-14,1
2018-08-14,1
2018-08-14,1
2018-08-14,1
2018-08-14,1
2018-08-14,1
2018-08-14,1
2018-08-14,1
2018-08-14,1
2018-08-14,1
2018-08-14,1
2018-08-14,2
2018-08-14,1
2018-08-14,1
2018-08-14,1
2018-08-14,1
2018-08-14,1
2018-08-14,1
2018-08-14,1
2018-08-14,1
2018-08-14,2
2018-08-14,1
2018-08-14,2
2018-08-14,5
2018-08-14,1
2018-08-14,1
2018-08-14,1
2018-08-14,1
2018-08-14,1
2018-08-14,1
2018-08-14,2
2018-08-14,3
2018-08-14,1
2018-08-14,1
2018-08-14,1
2018-08-14,1
2018-08-14,1
2018-08-14,1
2018-08-14,1
2018-08-14,1
2018-08-14,1
2018-08-14,3
2018-08-14,1
2018-08-14,1
2018-08-14,1
2018-08-14,1
2018-08-14,1
2018-08-14,1
2018-08-14,2
2018-08-14,1
2018-08-14,1
2018-08-14,1
2018-08-14,1
2018-08-14,1
2018-08-14,1
2018-08-14,1
2018-08-14,1
2018-08-14,1
2018-08-14,3
2018-08-14,1
2018-08-14,1
2018-08-14,1
2018-08-14,1
2018-08-14,1
2018-08-14,1
2018-08-14,1
2018-08-14,1
2018-08-14,1
2018-08-14,2
2018-08-14,1
2018-08-14,1
2018-08-14,1
2018-08-14,1
2018-08-14,1
2018-08-14,1
2018-08-14,1
2018-08-14,1
2018-08-14,1
2018-08-14,1
2018-08-14,1
2018-08-14,1
2018-08-14,1
2018-08-14,1
2018-08-14,1
2018-08-14,1
2018-08-14,1
2018-08-14,2
2018-08-14,1
2018-08-14,1
2018-08-14,2
2018-08-14,2
2018-08-14,1
2018-08-14,1
2018-08-14,1
2018-08-14,2
2018-08-14,1
2018-08-14,1
2018-08-14,1
2018-08-14,1
2018-08-14,1
2018-08-14,1
2018-08-14,1
2018-08-14,1
2018-08-14,1
2018-08-14,1
2018-08-14,3
2018-08-14,1
2018-08-14,1
2018-08-14,1
2018-08-14,1
2018-08-14,1
2018-08-14,1
2018-08-14,1
2018-08-14,1
2018-08-14,1
2018-08-14,1
2018-08-14,1
2018-08-14,1
2018-08-14,1
2018-08-14,1
2018-08-14,1
2018-08-14,1
2018-08-14,2
2018-08-14,1
2018-08-14,1
2018-08-14,1
2018-08-14,1
2018-08-14,1
2018-08-14,2
2018-08-14,2
2018-08-14,1
2018-08-14,1
2018-08-14,1
2018-08-14,1
2018-08-14,5
2018-08-14,1
2018-08-14,1
2018-08-14,1
2018-08-14,1
2018-08-14,2
2018-08-14,1
2018-08-14,1
2018-08-14,1
2018-08-14,1
2018-08-14,1
2018-08-14,2
2018-08-14,1
2018-08-14,1
2018-08-14,1
2018-08-14,2
2018-08-14,1
2018-08-14,1
2018-08-14,1
2018-08-14,1
2018-08-14,2
2018-08-14,1
2018-08-14,2
2018-08-14,1
2018-08-14,2
2018-08-14,1
2018-08-14,1
2018-08-14,1
2018-08-14,1
2018-08-14,1
2018-08-14,1
2018-08-14,1
2018-08-14,1
2018-08-14,1
2018-08-14,1
2018-08-14,1
2018-08-14,1
2018-08-14,1
2018-08-14,1
2018-08-14,4
2018-08-14,1
2018-08-14,2
2018-08-14,1
2018-08-14,1
2018-08-14,1
2018-08-14,1
2018-08-14,1
2018-08-15,2
2018-08-15,2
2018-08-15,1
2018-08-15,1
2018-08-15,2
2018-08-15,1
2018-08-15,1
2018-08-15,1
2018-08-15,1
2018-08-15,1
2018-08-15,1
2018-08-15,1
2018-08-15,1
2018-08-15,1
2018-08-15,1
2018-08-15,2
2018-08-15,1
2018-08-15,1
2018-08-15,1
2018-08-15,2
2018-08-15,1
2018-08-15,1
2018-08-15,1
2018-08-15,1
2018-08-15,1
2018-08-15,1
2018-08-15,1
2018-08-15,1
2018-08-15,1
2018-08-15,1
2018-08-15,1
2018-08-15,1
2018-08-15,1
2018-08-15,1
2018-08-15,1
2018-08-15,2
2018-08-15,1
2018-08-15,1
2018-08-15,1
2018-08-15,1
2018-08-15,4
2018-08-15,1
2018-08-15,2
2018-08-15,2
2018-08-15,1
2018-08-15,1
2018-08-15,1
2018-08-15,1
2018-08-15,2
2018-08-15,1
2018-08-15,1
2018-08-15,1
2018-08-15,1
2018-08-15,1
2018-08-15,1
2018-08-15,1
2018-08-15,1
2018-08-15,1
2018-08-15,2
2018-08-15,1
2018-08-15,2
2018-08-15,4
2018-08-15,1
2018-08-15,1
2018-08-15,1
2018-08-15,1
2018-08-15,1
2018-08-15,1
2018-08-15,1
2018-08-15,1
2018-08-15,1
2018-08-15,1
2018-08-15,1
2018-08-15,1
2018-08-15,1
2018-08-15,1
2018-08-15,1
2018-08-15,1
2018-08-15,1
2018-08-15,1
2018-08-15,1
2018-08-15,1
2018-08-15,1
2018-08-15,1
2018-08-15,1
2018-08-15,2
2018-08-15,1
2018-08-15,1
2018-08-15,1
2018-08-15,3
2018-08-15,1
2018-08-15,4
2018-08-15,1
2018-08-15,1
2018-08-15,1
2018-08-15,1
2018-08-15,1
2018-08-15,1
2018-08-15,1
2018-08-15,1
2018-08-15,1
2018-08-15,1
2018-08-15,1
2018-08-15,2
2018-08-15,1
2018-08-15,1
2018-08-15,1
2018-08-15,1
2018-08-15,1
2018-08-15,1
2018-08-15,1
2018-08-15,1
2018-08-15,1
2018-08-15,1
2018-08-15,1
2018-08-15,2
2018-08-15,3
2018-08-15,1
2018-08-15,1
2018-08-15,1
2018-08-15,1
2018-08-15,1
2018-08-15,1
2018-08-15,2
2018-08-15,1
2018-08-15,1
2018-08-15,1
2018-08-15,2
2018-08-15,1
2018-08-15,1
2018-08-15,1
2018-08-15,2
2018-08-15,1
2018-08-15,1
2018-08-15,1
2018-08-15,1
2018-08-15,1
2018-08-15,1
2018-08-15,1
2018-08-15,1
2018-08-15,1
2018-08-15,1
2018-08-15,1
2018-08-15,1
2018-08-15,1
2018-08-15,1
2018-08-15,1
2018-08-15,1
2018-08-15,1
2018-08-15,1
2018-08-15,1
2018-08-15,1
2018-08-15,1
2018-08-15,1
2018-08-15,1
2018-08-15,1
2018-08-15,1
2018-08-15,1
2018-08-15,1
2018-08-15,1
2018-08-15,1
2018-08-15,1
2018-08-15,1
2018-08-15,1
2018-08-15,1
2018-08-15,1
2018-08-15,1
2018-08-15,1
2018-08-15,2
2018-08-15,1
2018-08-15,1
2018-08-15,2
2018-08-15,1
2018-08-15,1
2018-08-15,1
2018-08-15,1
2018-08-15,1
2018-08-15,1
2018-08-15,4
2018-08-15,1
2018-08-15,1
2018-08-15,1
2018-08-15,1
2018-08-15,1
2018-08-15,1
2018-08-15,1
2018-08-15,1
2018-08-15,1
2018-08-15,5
2018-08-15,1
2018-08-15,1
2018-08-15,1
2018-08-15,1
2018-08-15,2
2018-08-15,4
2018-08-15,1
2018-08-15,1
2018-08-15,2
2018-08-16,1
2018-08-16,1
2018-08-16,1
2018-08-16,1
2018-08-16,1
2018-08-16,1
2018-08-16,1
2018-08-16,1
2018-08-16,2
2018-08-16,1
2018-08-16,1
2018-08-16,1
2018-08-16,2
2018-08-16,3
2018-08-16,1
2018-08-16,1
2018-08-16,1
2018-08-16,1
2018-08-16,1
2018-08-16,1
2018-08-16,1
2018-08-16,1
2018-08-16,1
2018-08-16,1
2018-08-16,2
2018-08-16,1
2018-08-16,1
2018-08-16,1
2018-08-16,1
2018-08-16,4
2018-08-16,1
2018-08-16,1
2018-08-16,1
2018-08-16,2
2018-08-16,1
2018-08-16,2
2018-08-16,1
2018-08-16,1
2018-08-16,1
2018-08-16,1
2018-08-16,1
2018-08-16,1
2018-08-16,1
2018-08-16,1
2018-08-16,1
2018-08-16,1
2018-08-16,2
2018-08-16,1
2018-08-16,3
2018-08-16,1
2018-08-16,1
2018-08-16,1
2018-08-16,1
2018-08-16,1
2018-08-16,1
2018-08-16,1
2018-08-16,1
2018-08-16,1
2018-08-16,1
2018-08-16,1
2018-08-16,1
2018-08-16,1
2018-08-16,1
2018-08-16,2
2018-08-16,1
2018-08-16,1
2018-08-16,1
2018-08-16,1
2018-08-16,1
2018-08-16,1
2018-08-16,1
2018-08-16,1
2018-08-16,2
2018-08-16,1
2018-08-16,1
2018-08-16,1
2018-08-16,1
2018-08-16,1
2018-08-16,1
2018-08-16,3
2018-08-16,1
2018-08-16,1
2018-08-16,4
2018-08-16,1
2018-08-16,1
2018-08-16,1
2018-08-16,1
2018-08-16,1
2018-08-16,1
2018-08-16,1
2018-08-16,1
2018-08-16,1
2018-08-16,1
2018-08-16,1
2018-08-16,1
2018-08-16,1
2018-08-16,1
2018-08-16,1
2018-08-16,1
2018-08-16,1
2018-08-16,1
2018-08-16,1
2018-08-16,1
2018-08-16,2
2018-08-16,1
2018-08-16,1
2018-08-16,3
2018-08-16,1
2018-08-16,3
2018-08-16,1
2018-08-16,1
2018-08-16,2
2018-08-16,1
2018-08-16,2
2018-08-16,1
2018-08-16,1
2018-08-16,2
2018-08-16,2
2018-08-16,1
2018-08-16,1
2018-08-16,2
2018-08-16,1
2018-08-16,1
2018-08-16,1
2018-08-16,1
2018-08-16,1
2018-08-16,1
2018-08-16,2
2018-08-16,1
2018-08-16,1
2018-08-16,3
2018-08-16,1
2018-08-16,2
2018-08-16,1
2018-08-16,1
2018-08-16,1
2018-08-16,1
2018-08-16,1
2018-08-16,1
2018-08-16,1
2018-08-16,1
2018-08-16,2
2018-08-16,1
2018-08-16,1
2018-08-16,1
2018-08-16,1
2018-08-16,1
2018-08-16,1
2018-08-16,3
2018-08-16,1
2018-08-16,1
2018-08-16,1
2018-08-16,2
2018-08-16,1
2018-08-16,1
2018-08-16,1
2018-08-16,1
2018-08-16,1
2018-08-16,1
2018-08-16,1
2018-08-16,1
2018-08-16,1
2018-08-16,1
2018-08-16,1
2018-08-16,1
2018-08-16,1
2018-08-16,1
2018-08-16,1
2018-08-16,1
2018-08-16,1
2018-08-16,1
2018-08-16,1
2018-08-16,1
2018-08-16,1
2018-08-16,3
2018-08-16,1
2018-08-16,1
2018-08-16,1
2018-08-16,2
2018-08-16,2
2018-08-16,1
2018-08-16,1
2018-08-16,2
2018-08-16,1
2018-08-16,1
2018-08-16,1
2018-08-16,1
2018-08-16,1
2018-08-16,1
2018-08-16,1
2018-08-16,1
2018-08-16,1
2018-08-16,1
2018-08-16,1
2018-08-16,1
2018-08-16,1
2018-08-16,1
2018-08-17,1
2018-08-17,1
2018-08-17,1
2018-08-17,1
2018-08-17,1
2018-08-17,1
2018-08-17,1
2018-08-17,1
2018-08-17,1
2018-08-17,2
2018-08-17,3
2018-08-17,2
2018-08-17,1
2018-08-17,1
2018-08-17,3
2018-08-17,1
2018-08-17,1
2018-08-17,1
2018-08-17,1
2018-08-17,3
2018-08-17,2
2018-08-17,2
2018-08-17,1
2018-08-17,1
2018-08-17,1
2018-08-17,1
2018-08-17,1
2018-08-17,1
2018-08-17,1
2018-08-17,1
2018-08-17,1
2018-08-17,1
2018-08-17,1
2018-08-17,1
2018-08-17,1
2018-08-17,1
2018-08-17,1
2018-08-17,1
2018-08-17,1
2018-08-17,2
2018-08-17,1
2018-08-17,1
2018-08-17,1
2018-08-17,1
2018-08-17,1
2018-08-17,2
2018-08-17,2
2018-08-17,1
2018-08-17,1
2018-08-17,2
2018-08-17,1
2018-08-17,1
2018-08-17,1
2018-08-17,2
2018-08-17,2
2018-08-17,1
2018-08-17,1
2018-08-17,3
2018-08-17,1
2018-08-17,1
2018-08-17,1
2018-08-17,1
2018-08-17,1
2018-08-17,1
2018-08-17,1
2018-08-17,2
2018-08-17,1
2018-08-17,1
2018-08-17,1
2018-08-17,2
2018-08-17,1
2018-08-17,1
2018-08-17,1
2018-08-17,1
2018-08-17,1
2018-08-17,1
2018-08-17,1
2018-08-17,1
2018-08-17,1
2018-08-17,4
2018-08-17,1
2018-08-17,1
2018-08-17,1
2018-08-17,1
2018-08-17,1
2018-08-17,1
2018-08-17,2
2018-08-17,1
2018-08-17,1
2018-08-17,1
2018-08-17,2
2018-08-17,1
2018-08-17,1
2018-08-17,1
2018-08-17,2
2018-08-17,1
2018-08-17,1
2018-08-17,1
2018-08-17,1
2018-08-17,1
2018-08-17,1
2018-08-17,1
2018-08-17,1
2018-08-17,1
2018-08-17,1
2018-08-17,2
2018-08-17,2
2018-08-17,1
2018-08-17,2
2018-08-17,1
2018-08-17,1
2018-08-17,2
2018-08-17,1
2018-08-17,2
2018-08-17,3
2018-08-17,1
2018-08-17,1
2018-08-17,1
2018-08-17,1
2018-08-17,1
2018-08-17,1
2018-08-17,1
2018-08-17,1
2018-08-17,2
2018-08-17,1
2018-08-17,1
2018-08-17,1
2018-08-17,2
2018-08-17,1
2018-08-17,2
2018-08-17,2
2018-08-17,1
2018-08-17,2
2018-08-17,1
2018-08-17,1
2018-08-17,1
2018-08-17,1
2018-08-17,2
2018-08-17,2
2018-08-17,1
2018-08-17,1
2018-08-17,1
2018-08-17,1
2018-08-17,1
2018-08-17,1
2018-08-17,1
2018-08-17,1
2018-08-17,1
2018-08-17,1
2018-08-17,1
2018-08-17,3
2018-08-17,1
2018-08-17,1
2018-08-17,1
2018-08-17,1
2018-08-17,2
2018-08-17,1
2018-08-17,1
2018-08-17,3
2018-08-17,1
2018-08-17,1
2018-08-17,1
2018-08-17,1
2018-08-17,1
2018-08-17,1
2018-08-17,2
2018-08-17,1
2018-08-17,1
2018-08-17,1
2018-08-17,1
2018-08-17,1
2018-08-17,1
2018-08-17,1
2018-08-17,1
2018-08-17,2
2018-08-17,1
2018-08-17,1
2018-08-17,1
2018-08-17,1
2018-08-17,3
2018-08-17,1
2018-08-17,1
2018-08-17,1
2018-08-17,1
2018-08-17,1
2018-08-17,1
2018-08-17,1
2018-08-17,1
2018-08-17,2
2018-08-17,1
2018-08-17,1
2018-08-17,2
2018-08-17,1
2018-08-17,1
2018-08-17,1
2018-08-17,2
2018-08-17,2
2018-08-17,1
2018-08-17,1
2018-08-17,1
2018-08-18,1
2018-08-18,1
2018-08-18,1
2018-08-18,1
2018-08-18,1
2018-08-18,1
2018-08-18,2
2018-08-18,1
2018-08-18,1
2018-08-18,1
2018-08-18,2
2018-08-18,1
2018-08-18,1
2018-08-18,1
2018-08-18,1
2018-08-18,1
2018-08-18,1
2018-08-18,1
2018-08-18,1
2018-08-18,1
2018-08-18,1
2018-08-18,1
2018-08-18,1
2018-08-18,1
2018-08-18,1
2018-08-18,1
2018-08-18,2
2018-08-18,1
2018-08-18,1
2018-08-18,1
2018-08-18,1
2018-08-18,1
2018-08-18,1
2018-08-18,1
2018-08-18,1
2018-08-18,1
2018-08-18,1
2018-08-18,1
2018-08-18,1
2018-08-18,2
2018-08-18,1
2018-08-18,2
2018-08-18,1
2018-08-18,2
2018-08-18,1
2018-08-18,1
2018-08-18,1
2018-08-18,2
2018-08-18,1
2018-08-18,1
2018-08-18,1
2018-08-18,1
2018-08-18,1
2018-08-18,1
2018-08-18,1
2018-08-18,1
2018-08-18,1
2018-08-18,1
2018-08-18,1
2018-08-18,1
2018-08-18,1
2018-08-18,1
2018-08-18,1
2018-08-18,1
2018-08-18,1
2018-08-18,1
2018-08-18,1
2018-08-18,1
2018-08-18,1
2018-08-18,3
2018-08-18,1
2018-08-18,2
2018-08-18,1
2018-08-18,1
2018-08-18,1
2018-08-18,2
2018-08-18,1
2018-08-18,1
2018-08-18,1
2018-08-18,1
2018-08-18,1
2018-08-18,1
2018-08-18,1
2018-08-18,3
2018-08-18,1
2018-08-18,1
2018-08-18,1
2018-08-18,1
2018-08-18,1
2018-08-18,2
2018-08-18,2
2018-08-18,1
2018-08-18,1
2018-08-18,1
2018-08-18,1
2018-08-18,1
2018-08-18,1
2018-08-18,1
2018-08-18,1
2018-08-18,1
2018-08-18,1
2018-08-18,1
2018-08-18,2
2018-08-18,1
2018-08-18,1
2018-08-18,1
2018-08-18,1
2018-08-18,1
2018-08-18,1
2018-08-18,1
2018-08-18,1
2018-08-18,1
2018-08-18,1
2018-08-18,1
2018-08-18,2
2018-08-18,1
2018-08-18,1
2018-08-18,1
2018-08-18,2
2018-08-18,1
2018-08-18,1
2018-08-18,1
2018-08-18,1
2018-08-18,1
2018-08-18,1
2018-08-18,1
2018-08-18,1
2018-08-18,2
2018-08-18,1
2018-08-18,1
2018-08-18,1
2018-08-18,1
2018-08-18,1
2018-08-18,1
2018-08-18,1
2018-08-18,3
2018-08-18,2
2018-08-20,1
2018-08-20,1
2018-08-20,1
2018-08-20,1
2018-08-20,1
2018-08-20,1
2018-08-20,1
2018-08-20,2
2018-08-20,1
2018-08-20,1
2018-08-20,1
2018-08-20,1
2018-08-20,1
2018-08-20,1
2018-08-20,1
2018-08-20,2
2018-08-20,1
2018-08-20,1
2018-08-20,1
2018-08-20,1
2018-08-20,1
2018-08-20,3
2018-08-20,1
2018-08-20,1
2018-08-20,1
2018-08-20,1
2018-08-20,1
2018-08-20,1
2018-08-20,1
2018-08-20,1
2018-08-20,1
2018-08-20,1
2018-08-20,1
2018-08-20,1
2018-08-20,1
2018-08-20,1
2018-08-20,2
2018-08-20,1
2018-08-20,1
2018-08-20,1
2018-08-20,4
2018-08-20,3
2018-08-20,1
2018-08-20,1
2018-08-20,1
2018-08-20,2
2018-08-20,2
2018-08-20,2
2018-08-20,1
2018-08-20,1
2018-08-20,1
2018-08-20,1
2018-08-20,1
2018-08-20,1
2018-08-20,1
2018-08-20,1
2018-08-20,1
2018-08-20,1
2018-08-20,1
2018-08-20,1
2018-08-20,1
2018-08-20,1
2018-08-20,1
2018-08-20,1
2018-08-20,1
2018-08-20,1
2018-08-20,2
2018-08-20,1
2018-08-20,1
2018-08-20,1
2018-08-20,1
2018-08-20,1
2018-08-20,1
2018-08-20,1
2018-08-20,1
2018-08-20,1
2018-08-20,1
2018-08-20,1
2018-08-20,1
2018-08-20,1
2018-08-20,2
2018-08-20,1
2018-08-20,1
2018-08-20,1
2018-08-20,1
2018-08-20,1
2018-08-20,1
2018-08-20,1
2018-08-20,1
2018-08-20,1
2018-08-20,2
2018-08-20,4
2018-08-20,1
2018-08-20,4
2018-08-20,1
2018-08-20,2
2018-08-20,2
2018-08-20,1
2018-08-20,1
2018-08-20,1
2018-08-20,1
2018-08-20,1
2018-08-20,1
2018-08-20,1
2018-08-20,1
2018-08-20,1
2018-08-20,2
2018-08-20,1
2018-08-20,1
2018-08-20,3
2018-08-20,1
2018-08-20,1
2018-08-20,1
2018-08-20,2
2018-08-20,1
2018-08-20,1
2018-08-20,1
2018-08-20,2
2018-08-20,2
2018-08-20,1
2018-08-20,1
2018-08-20,1
2018-08-20,2
2018-08-20,1
2018-08-20,1
2018-08-20,1
2018-08-20,1
2018-08-20,1
2018-08-20,1
2018-08-20,1
2018-08-20,1
2018-08-20,1
2018-08-20,1
2018-08-20,1
2018-08-20,1
2018-08-20,1
2018-08-20,1
2018-08-20,3
2018-08-20,1
2018-08-20,1
2018-08-20,1
2018-08-20,1
2018-08-20,1
2018-08-20,1
2018-08-20,4
2018-08-20,1
2018-08-20,2
2018-08-20,4
2018-08-20,1
2018-08-20,1
2018-08-20,1
2018-08-20,1
2018-08-20,1
2018-08-20,1
2018-08-20,1
2018-08-20,1
2018-08-20,1
2018-08-20,1
2018-08-20,2
2018-08-20,1
2018-08-20,1
2018-08-20,2
2018-08-20,1
2018-08-20,2
2018-08-20,1
2018-08-20,1
2018-08-20,1
2018-08-20,1
2018-08-20,1
2018-08-20,1
2018-08-20,1
2018-08-20,2
2018-08-20,1
2018-08-20,1
2018-08-20,1
2018-08-20,1
2018-08-20,1
2018-08-20,1
2018-08-20,1
2018-08-20,1
2018-08-20,1
2018-08-20,1
2018-08-20,1
2018-08-20,1
2018-08-20,1
2018-08-20,3
2018-08-20,1
2018-08-20,1
2018-08-20,1
2018-08-20,1
2018-08-20,1
2018-08-20,1
2018-08-20,2
2018-08-20,1
2018-08-20,3
2018-08-20,1
2018-08-20,1
2018-08-20,1
2018-08-20,1
2018-08-20,1
2018-08-20,1
2018-08-20,1
2018-08-20,1
2018-08-20,1
2018-08-20,1
2018-08-20,1
2018-08-20,1
2018-08-20,1
2018-08-20,1
2018-08-20,1
2018-08-20,2
2018-08-20,2
2018-08-20,1
2018-08-20,1
2018-08-20,3
2018-08-20,1
2018-08-20,1
2018-08-20,2
2018-08-20,1
2018-08-20,1
2018-08-20,1
2018-08-20,2
2018-08-20,1
2018-08-20,1
2018-08-20,1
2018-08-20,1
2018-08-20,1
2018-08-20,1
2018-08-20,1
2018-08-20,1
2018-08-20,1
2018-08-20,1
2018-08-20,1
2018-08-20,1
2018-08-20,1
2018-08-20,1
2018-08-20,1
2018-08-20,1
2018-08-20,1
2018-08-20,2
2018-08-20,1
2018-08-20,1
2018-08-20,1
2018-08-20,1
2018-08-20,1
2018-08-20,1
2018-08-20,1
2018-08-20,1
2018-08-20,1
2018-08-20,1
2018-08-20,1
2018-08-20,1
2018-08-20,1
2018-08-20,1
2018-08-20,1
2018-08-20,1
2018-08-20,2
2018-08-20,4
2018-08-20,2
2018-08-20,1
2018-08-20,1
2018-08-20,1
2018-08-20,1
2018-08-20,1
2018-08-20,5
2018-08-20,1
2018-08-20,1
2018-08-20,1
2018-08-20,2
2018-08-20,2
2018-08-20,1
2018-08-20,1
2018-08-20,1
2018-08-20,1
2018-08-21,1
2018-08-21,1
2018-08-21,1
2018-08-21,1
2018-08-21,1
2018-08-21,1
2018-08-21,1
2018-08-21,2
2018-08-21,1
2018-08-21,1
2018-08-21,2
2018-08-21,1
2018-08-21,1
2018-08-21,1
2018-08-21,1
2018-08-21,4
2018-08-21,1
2018-08-21,1
2018-08-21,1
2018-08-21,1
2018-08-21,1
2018-08-21,1
2018-08-21,1
2018-08-21,1
2018-08-21,1
2018-08-21,2
2018-08-21,1
2018-08-21,1
2018-08-21,1
2018-08-21,1
2018-08-21,1
2018-08-21,1
2018-08-21,1
2018-08-21,2
2018-08-21,1
2018-08-21,1
2018-08-21,1
2018-08-21,1
2018-08-21,1
2018-08-21,1
2018-08-21,1
2018-08-21,1
2018-08-21,1
2018-08-21,1
2018-08-21,1
2018-08-21,1
2018-08-21,1
2018-08-21,1
2018-08-21,1
2018-08-21,2
2018-08-21,2
2018-08-21,1
2018-08-21,1
2018-08-21,1
2018-08-21,1
2018-08-21,1
2018-08-21,1
2018-08-21,1
2018-08-21,1
2018-08-21,2
2018-08-21,1
2018-08-21,1
2018-08-21,1
2018-08-21,1
2018-08-21,1
2018-08-21,2
2018-08-21,1
2018-08-21,1
2018-08-21,1
2018-08-21,1
2018-08-21,1
2018-08-21,1
2018-08-21,1
2018-08-21,1
2018-08-21,1
2018-08-21,1
2018-08-21,1
2018-08-21,2
2018-08-21,1
2018-08-21,1
2018-08-21,1
2018-08-21,1
2018-08-21,1
2018-08-21,1
2018-08-21,1
2018-08-21,1
2018-08-21,2
2018-08-21,1
2018-08-21,2
2018-08-21,1
2018-08-21,1
2018-08-21,1
2018-08-21,1
2018-08-21,1
2018-08-21,1
2018-08-21,1
2018-08-21,1
2018-08-21,1
2018-08-21,1
2018-08-21,1
2018-08-21,1
2018-08-21,1
2018-08-21,3
2018-08-21,1
2018-08-21,1
2018-08-21,1
2018-08-21,1
2018-08-21,1
2018-08-21,1
2018-08-21,1
2018-08-21,1
2018-08-21,1
2018-08-21,1
2018-08-21,1
2018-08-21,1
2018-08-21,1
2018-08-21,1
2018-08-21,1
2018-08-21,1
2018-08-21,2
2018-08-21,3
2018-08-21,1
2018-08-21,1
2018-08-21,1
2018-08-21,1
2018-08-21,2
2018-08-21,1
2018-08-21,1
2018-08-21,1
2018-08-21,1
2018-08-21,2
2018-08-21,1
2018-08-21,1
2018-08-21,1
2018-08-21,1
2018-08-21,1
2018-08-21,1
2018-08-21,1
2018-08-21,1
2018-08-21,1
2018-08-21,3
2018-08-21,1
2018-08-21,1
2018-08-21,1
2018-08-21,1
2018-08-21,1
2018-08-21,2
2018-08-21,1
2018-08-21,2
2018-08-21,1
2018-08-21,2
2018-08-21,1
2018-08-21,1
2018-08-21,1
2018-08-21,1
2018-08-21,1
2018-08-21,1
2018-08-21,1
2018-08-21,1
2018-08-21,1
2018-08-21,1
2018-08-21,1
2018-08-21,1
2018-08-21,1
2018-08-21,2
2018-08-21,1
2018-08-21,1
2018-08-21,2
2018-08-21,1
2018-08-21,1
2018-08-21,1
2018-08-21,1
2018-08-21,1
2018-08-21,1
2018-08-21,1
2018-08-21,1
2018-08-21,1
2018-08-21,1
2018-08-21,1
2018-08-21,1
2018-08-21,1
2018-08-21,1
2018-08-21,3
2018-08-21,1
2018-08-21,1
2018-08-21,1
2018-08-21,1
2018-08-21,1
2018-08-21,1
2018-08-21,1
2018-08-21,1
2018-08-21,1
2018-08-21,1
2018-08-21,2
2018-08-21,1
2018-08-21,1
2018-08-21,1
2018-08-21,1
2018-08-21,1
2018-08-21,1
2018-08-21,1
2018-08-21,2
2018-08-21,1
2018-08-21,1
2018-08-22,1
2018-08-22,1
2018-08-22,1
2018-08-22,1
2018-08-22,1
2018-08-22,1
2018-08-22,1
2018-08-22,2
2018-08-22,1
2018-08-22,1
2018-08-22,1
2018-08-22,1
2018-08-22,1
2018-08-22,1
2018-08-22,2
2018-08-22,1
2018-08-22,1
2018-08-22,1
2018-08-22,1
2018-08-22,1
2018-08-22,1
2018-08-22,2
2018-08-22,1
2018-08-22,1
2018-08-22,1
2018-08-22,1
2018-08-22,3
2018-08-22,1
2018-08-22,1
2018-08-22,3
2018-08-22,1
2018-08-22,1
2018-08-22,1
2018-08-22,1
2018-08-22,1
2018-08-22,1
2018-08-22,1
2018-08-22,1
2018-08-22,1
2018-08-22,1
2018-08-22,1
2018-08-22,1
2018-08-22,1
2018-08-22,3
2018-08-22,1
2018-08-22,1
2018-08-22,1
2018-08-22,1
2018-08-22,1
2018-08-22,1
2018-08-22,1
2018-08-22,1
2018-08-22,2
2018-08-22,1
2018-08-22,1
2018-08-22,1
2018-08-22,1
2018-08-22,1
2018-08-22,1
2018-08-22,1
2018-08-22,1
2018-08-22,1
2018-08-22,1
2018-08-22,1
2018-08-22,1
2018-08-22,1
2018-08-22,1
2018-08-22,1
2018-08-22,1
2018-08-22,1
2018-08-22,1
2018-08-22,1
2018-08-22,2
2018-08-22,1
2018-08-22,1
2018-08-22,1
2018-08-22,1
2018-08-22,1
2018-08-22,1
2018-08-22,5
2018-08-22,1
2018-08-22,4
2018-08-22,2
2018-08-22,2
2018-08-22,1
2018-08-22,1
2018-08-22,1
2018-08-22,2
2018-08-22,1
2018-08-22,1
2018-08-22,1
2018-08-22,2
2018-08-22,1
2018-08-22,1
2018-08-22,2
2018-08-22,1
2018-08-22,1
2018-08-22,1
2018-08-22,1
2018-08-22,1
2018-08-22,1
2018-08-22,1
2018-08-22,1
2018-08-22,1
2018-08-22,1
2018-08-22,3
2018-08-22,1
2018-08-22,1
2018-08-22,1
2018-08-22,1
2018-08-22,2
2018-08-22,2
2018-08-22,1
2018-08-22,1
2018-08-22,1
2018-08-22,1
2018-08-22,1
2018-08-22,1
2018-08-22,1
2018-08-22,1
2018-08-22,1
2018-08-22,1
2018-08-22,1
2018-08-22,2
2018-08-22,1
2018-08-22,2
2018-08-22,1
2018-08-22,2
2018-08-22,1
2018-08-22,1
2018-08-22,1
2018-08-22,2
2018-08-22,1
2018-08-23,1
2018-08-23,1
2018-08-23,1
2018-08-23,1
2018-08-23,1
2018-08-23,2
2018-08-23,1
2018-08-23,1
2018-08-23,1
2018-08-23,1
2018-08-23,1
2018-08-23,1
2018-08-23,1
2018-08-23,1
2018-08-23,1
2018-08-23,2
2018-08-23,1
2018-08-23,1
2018-08-23,1
2018-08-23,2
2018-08-23,1
2018-08-23,1
2018-08-23,1
2018-08-23,1
2018-08-23,1
2018-08-23,1
2018-08-23,1
2018-08-23,1
2018-08-23,1
2018-08-23,1
2018-08-23,1
2018-08-23,1
2018-08-23,3
2018-08-23,1
2018-08-23,1
2018-08-23,1
2018-08-23,1
2018-08-23,2
2018-08-23,1
2018-08-23,1
2018-08-23,1
2018-08-23,1
2018-08-23,1
2018-08-23,1
2018-08-23,1
2018-08-23,1
2018-08-23,1
2018-08-23,1
2018-08-23,1
2018-08-23,1
2018-08-23,2
2018-08-23,1
2018-08-23,1
2018-08-23,1
2018-08-23,1
2018-08-23,1
2018-08-23,1
2018-08-23,1
2018-08-23,1
2018-08-23,1
2018-08-23,1
2018-08-23,1
2018-08-23,1
2018-08-23,1
2018-08-23,1
2018-08-23,1
2018-08-23,1
2018-08-23,1
2018-08-23,1
2018-08-23,1
2018-08-23,1
2018-08-23,1
2018-08-23,1
2018-08-23,2
2018-08-23,2
2018-08-23,2
2018-08-23,2
2018-08-23,1
2018-08-23,1
2018-08-23,1
2018-08-23,1
2018-08-23,2
2018-08-23,1
2018-08-23,1
2018-08-23,1
2018-08-23,2
2018-08-23,1
2018-08-23,1
2018-08-23,1
2018-08-23,1
2018-08-23,1
2018-08-23,1
2018-08-23,1
2018-08-23,1
2018-08-23,1
2018-08-23,1
2018-08-23,1
2018-08-23,1
2018-08-23,1
2018-08-23,2
2018-08-23,1
2018-08-23,1
2018-08-23,1
2018-08-23,1
2018-08-23,1
2018-08-23,1
2018-08-23,1
2018-08-23,1
2018-08-23,2
2018-08-23,1
2018-08-23,1
2018-08-23,1
2018-08-23,1
2018-08-23,2
2018-08-23,1
2018-08-23,1
2018-08-23,1
2018-08-23,1
2018-08-23,2
2018-08-24,1
2018-08-24,1
2018-08-24,1
2018-08-24,1
2018-08-24,1
2018-08-24,1
2018-08-24,1
2018-08-24,1
2018-08-24,2
2018-08-24,1
2018-08-24,1
2018-08-24,2
2018-08-24,1
2018-08-24,1
2018-08-24,1
2018-08-24,1
2018-08-24,1
2018-08-24,1
2018-08-24,1
2018-08-24,1
2018-08-24,1
2018-08-24,3
2018-08-24,1
2018-08-24,1
2018-08-24,1
2018-08-24,1
2018-08-24,1
2018-08-24,1
2018-08-24,6
2018-08-24,2
2018-08-24,1
2018-08-24,2
2018-08-24,1
2018-08-24,1
2018-08-24,1
2018-08-24,1
2018-08-24,1
2018-08-24,2
2018-08-24,1
2018-08-24,1
2018-08-24,1
2018-08-24,4
2018-08-24,1
2018-08-24,1
2018-08-24,1
2018-08-24,1
2018-08-24,1
2018-08-24,1
2018-08-24,1
2018-08-24,1
2018-08-24,1
2018-08-24,1
2018-08-24,1
2018-08-24,2
2018-08-24,1
2018-08-24,1
2018-08-24,1
2018-08-24,2
2018-08-24,1
2018-08-24,1
2018-08-24,1
2018-08-24,1
2018-08-24,1
2018-08-24,1
2018-08-24,1
2018-08-24,1
2018-08-24,1
2018-08-24,1
2018-08-24,2
2018-08-24,1
2018-08-24,1
2018-08-24,1
2018-08-24,1
2018-08-24,1
2018-08-24,1
2018-08-24,1
2018-08-24,1
2018-08-24,1
2018-08-24,1
2018-08-24,1
2018-08-24,1
2018-08-24,1
2018-08-24,1
2018-08-24,1
2018-08-24,1
2018-08-24,1
2018-08-24,2
2018-08-24,2
2018-08-24,1
2018-08-24,1
2018-08-24,1
2018-08-24,1
2018-08-24,1
2018-08-24,1
2018-08-25,1
2018-08-25,1
2018-08-25,1
2018-08-25,1
2018-08-25,1
2018-08-25,1
2018-08-25,2
2018-08-25,1
2018-08-25,1
2018-08-25,1
2018-08-25,1
2018-08-25,1
2018-08-25,1
2018-08-25,1
2018-08-25,1
2018-08-25,1
2018-08-25,1
2018-08-25,1
2018-08-25,1
2018-08-25,1
2018-08-25,1
2018-08-25,1
2018-08-25,1
2018-08-25,1
2018-08-25,1
2018-08-25,1
2018-08-25,1
2018-08-25,2
2018-08-25,1
2018-08-25,1
2018-08-25,1
2018-08-25,1
2018-08-25,1
2018-08-25,1
2018-08-25,1
2018-08-25,1
2018-08-25,1
2018-08-25,1
2018-08-25,1
2018-08-25,1
2018-08-25,1
2018-08-25,1
2018-08-25,1
2018-08-25,1
2018-08-25,1
2018-08-25,1
2018-08-25,1
2018-08-25,1
2018-08-25,1
2018-08-25,1
2018-08-25,1
2018-08-25,1
2018-08-25,1
2018-08-25,1
2018-08-25,1
2018-08-25,1
2018-08-25,1
2018-08-25,1
2018-08-25,1
2018-08-25,1
2018-08-25,1
2018-08-26,2
2018-08-26,2
2018-08-26,1
2018-08-26,1
2018-08-26,1
2018-08-26,1
2018-08-26,1
2018-08-26,1
2018-08-26,1
2018-08-26,1
2018-08-26,1
2018-08-26,1
2018-08-26,1
2018-08-26,2
2018-08-26,1
2018-08-26,1
2018-08-26,1
2018-08-26,1
2018-08-26,2
2018-08-26,1
2018-08-26,1
2018-08-26,1
2018-08-26,1
2018-08-26,1
2018-08-26,1
2018-08-26,2
2018-08-26,1
2018-08-26,1
2018-08-26,1
2018-08-26,1
2018-08-26,2
2018-08-26,1
2018-08-26,2
2018-08-26,1
2018-08-26,1
2018-08-26,1
2018-08-26,1
2018-08-26,1
2018-08-26,1
2018-08-26,1
2018-08-26,1
2018-08-26,1
2018-08-26,1
2018-08-26,1
2018-08-26,2
2018-08-26,1
2018-08-26,1
2018-08-27,1
2018-08-27,1
2018-08-27,1
2018-08-27,1
2018-08-27,1
2018-08-27,1
2018-08-27,1
2018-08-27,1
2018-08-27,1
2018-08-27,1
2018-08-27,1
2018-08-27,1
2018-08-27,1
2018-08-27,1
2018-08-27,1
2018-08-27,1
2018-08-27,1
2018-08-27,1
2018-08-27,1
2018-08-27,1
2018-08-27,1
2018-08-27,1
2018-08-27,1
2018-08-27,1
2018-08-27,1
2018-08-27,1
2018-08-27,1
2018-08-27,1
2018-08-27,2
2018-08-27,1
2018-08-27,1
2018-08-27,1
2018-08-27,1
2018-08-27,1
2018-08-27,1
2018-08-27,1
2018-08-27,1
2018-08-27,1
2018-08-27,1
2018-08-27,1
2018-08-27,1
2018-08-27,1
2018-08-27,1
2018-08-27,1
2018-08-28,1
2018-08-28,1
2018-08-28,1
2018-08-28,1
2018-08-28,3
2018-08-28,1
2018-08-28,1
2018-08-28,1
2018-08-28,1
2018-08-28,2
2018-08-28,1
2018-08-28,1
2018-08-28,1
2018-08-28,1
2018-08-28,2
2018-08-28,1
2018-08-28,1
2018-08-28,1
2018-08-28,1
2018-08-28,1
2018-08-28,1
2018-08-28,1
2018-08-28,1
2018-08-28,1
2018-08-28,1
2018-08-28,1
2018-08-28,1
2018-08-28,2
2018-08-28,2
2018-08-28,1
2018-08-28,1
2018-08-28,1
2018-08-28,1
2018-08-28,1
2018-08-28,3
2018-08-28,1
2018-08-28,1
2018-08-28,1
2018-08-28,2
2018-08-28,1
2018-08-29,1
2018-08-29,1
2018-08-29,2
2018-08-29,1
2018-08-29,2
2018-08-29,1
2018-08-29,3
2018-08-29,1
2018-08-29,1
2018-08-29,5
2018-08-29,1
2018-09-03,1
